<?xml version="1.0" encoding="utf-8" standalone="yes"?>
<?xml-stylesheet href="./_c74_ref.xsl" type="text/xsl"?>

<!--This file has been automatically generated by Doctor Max. DO NOT EDIT THIS FILE DIRECTLY.-->

<c74object name="antescofo~" module="">

	<digest>
		Anticipatory score following and reactive language for mixed music
	</digest>

	<description>
		<o>antescofo~</o> is an anticipatory score follower. It takes a score (in text) and audio input.
		It aligns the audio to the score by decoding position and tempo.
		Additionally it synchronizes electronic commands in the score as send/receive messages for Max using its dedicated language.
	</description>

	<!--METADATA-->
	<metadatalist>
		<metadata name="author">Arshia Cont, Jose Echeveste, and Jean-Louis Giavitto. MuTant Team-Project, IRCAM.</metadata>
		<metadata name="tag">anteoscofo</metadata>
		<metadata name="tag">ascograph</metadata>
	</metadatalist>

	<!--ARGUMENTS-->
	<objarglist>
	</objarglist>

	<!--MESSAGES-->
	<methodlist>
		<method name="ascograph">
			<arg name="on_off" optional="0" type="sym" />
			<arg name="host_address" optional="0" type="sym" />
			<arg name="send_port" optional="1" type="int" />
			<arg name="rec_port" optional="0" type="int" />
			<digest>
				enable/disable Ascograph communication and setup
			</digest>
			<description>
				The <m>ascograph</m> message can turn ascograph communication between Antescofo and stand-alone visualized
				(available by double-clicking the Antescofo object) and set the communication protocols. The syntax is
				<b>ascograph <m>on_off</m> <m>host_address</m> <m>send_port</m> <m>rec_port</m></b>. It is worthy to know that all these are
				also controllable through Antescofo Inspector.
			</description>
		</method>
		<method name="getlabels">
			<arglist />
			<digest>
				Output available labels in a score
			</digest>
			<description>
			</description>
		</method>
		<method name="preload">
			<arglist />
			<digest>
				Preloads scores for future use
			</digest>
			<description>
				The <m>preload</m> message can be used to preload several scores with an associated name into Antescofo
				and use them later on with message <m>start</m> thus saving load time. The syntax is: <b>preload <m>score_name</m>
				<m>score_file</m></b>
			</description>
		</method>
		<method name="read">
			<arglist />
			<digest>
				Load an antescofo score (same as <m>score</m>)
			</digest>
			<description>
			</description>
		</method>
		<method name="reloadscore">
			<arglist />
			<digest>
				Reloads a previously loaded score
			</digest>
			<description>
			</description>
		</method>
		<method name="score">
			<arg name="score_file" optional="0" type="sym" />
			<digest>
				Load an antescofo score
			</digest>
			<description>
				The <m>score</m> message attempts to load a score into Antescofo. If
				no argument, a dialog box will open so that user can choose the text file for loading. Optionally, <m>score</m>
				accepts the filename and searches for the file in available Max paths.
			</description>
		</method>
	</methodlist>

	<!--ATTRIBUTES-->
	<attributelist>
		<attribute name="analysis" get="1" set="1" type="int_array" size="0">
			<digest>
				Analysis Parameters (nfft, hop in samples)
			</digest>
			<description>
			</description>
			<attributelist>
				<attribute name="category" get="1" set="1" type="symbol" size="1" value="ScoreFollower" />
				<attribute name="label" get="1" set="1" type="symbol" size="1" value="Analysis Parameters (nfft, hop in samples)" />
				<attribute name="style" get="1" set="1" type="symbol" size="1" value="text" />
			</attributelist>
		</attribute>
		<attribute name="ascographcomm" get="1" set="1" type="int" size="1">
			<digest>
				AscoGraph Comm On/Off
			</digest>
			<description>
			</description>
			<attributelist>
				<attribute name="category" get="1" set="1" type="symbol" size="1" value="AscoGraphEditor" />
				<attribute name="label" get="1" set="1" type="symbol" size="1" value="AscoGraph Comm On/Off" />
				<attribute name="style" get="1" set="1" type="symbol" size="1" value="onoff" />
			</attributelist>
		</attribute>
		<attribute name="ascographconf" get="1" set="1" type="atom_array" size="0">
			<digest>
				AscoGraph Host &amp; Ports
			</digest>
			<description>
			</description>
			<attributelist>
				<attribute name="category" get="1" set="1" type="symbol" size="1" value="AscoGraphEditor" />
				<attribute name="label" get="1" set="1" type="symbol" size="1" value="AscoGraph Host &amp; Ports" />
				<attribute name="style" get="1" set="1" type="symbol" size="1" value="text" />
			</attributelist>
		</attribute>
		<attribute name="suivi" get="1" set="1" type="int" size="1">
			<digest>
				Use Score Follower
			</digest>
			<description>
			</description>
			<attributelist>
				<attribute name="category" get="1" set="1" type="symbol" size="1" value="ScoreFollower" />
				<attribute name="label" get="1" set="1" type="symbol" size="1" value="Use Score Follower" />
				<attribute name="style" get="1" set="1" type="symbol" size="1" value="onoff" />
			</attributelist>
		</attribute>
		<attribute name="tune" get="1" set="1" type="float" size="1">
			<digest>
				Tuning frequency
			</digest>
			<description>
			</description>
			<attributelist>
				<attribute name="category" get="1" set="1" type="symbol" size="1" value="ScoreFollower" />
				<attribute name="label" get="1" set="1" type="symbol" size="1" value="Tuning frequency" />
				<attribute name="style" get="1" set="1" type="symbol" size="1" value="text" />
			</attributelist>
		</attribute>
	</attributelist>

	<!--DISCUSSION-->
	<discussion>
		<o>antescofo~</o> uses its own format for scores.
		Additionally users can use AscoGraph by double-clicking on the object and drag-n-drop MIDI or MusicXML files for automatic conversion.
	</discussion>

	<!--SEEALSO-->
	<seealsolist>
		<seealso name="Antescofo Tutorial" module="" type="tutorial" />
	</seealsolist>

	<misc name = "Discussion">
		<entry name ="More details">
			<description>
		<o>antescofo~</o> uses its own format for scores.
		Additionally users can use AscoGraph by double-clicking on the object and drag-n-drop MIDI or MusicXML files for automatic conversion.
			</description>
		</entry>
	</misc>

</c74object>